id,first_name,last_name,email,gender,ip_address
1,Shae,Pyott,spyott0@deviantart.com,Female,133.156.111.231
2,Eloise,Wareing,ewareing1@ox.ac.uk,Female,227.30.128.152
3,Claudian,Lishmund,clishmund2@epa.gov,Male,141.178.123.83
4,Adair,Yankishin,ayankishin3@unicef.org,Male,100.96.199.250
5,Rowen,Twinn,rtwinn4@i2i.jp,Male,19.130.189.50
6,Heath,Gisbourn,hgisbourn5@bandcamp.com,Female,111.41.221.62
7,Esma,Picheford,epicheford6@cam.ac.uk,Female,243.105.253.30
8,Laurens,Foresight,lforesight7@redcross.org,Male,140.225.125.254
9,Cole,Jamieson,cjamieson8@photobucket.com,Male,38.101.65.40
10,Steffane,Ousley,sousley9@paginegialle.it,Female,115.204.148.157
11,Theresina,Butterfield,tbutterfielda@ebay.co.uk,Female,32.254.52.255
12,Mick,Connick,mconnickb@cisco.com,Male,13.32.129.254
13,Josepha,Kinnaird,jkinnairdc@feedburner.com,Female,206.101.227.140
14,Read,Smeaton,rsmeatond@craigslist.org,Male,194.22.149.187
15,Ethelin,Forsdyke,eforsdykee@blogs.com,Female,204.96.228.173
16,Leticia,Itzcovichch,litzcovichchf@domainmarket.com,Female,105.194.79.120
17,Massimiliano,Giral,mgiralg@ucoz.ru,Male,159.157.97.24
18,Budd,Fulker,bfulkerh@tiny.cc,Male,101.202.86.215
19,Joannes,Londing,jlondingi@rediff.com,Female,161.57.125.46
20,Hervey,Lamburn,hlamburnj@sphinn.com,Male,237.166.34.243
21,Morten,Seakings,mseakingsk@gnu.org,Male,38.94.217.171
22,Tiena,Matzl,tmatzll@ezinearticles.com,Non-binary,164.220.233.244
23,Cullen,Manning,cmanningm@livejournal.com,Male,1.69.222.197
24,Felix,Gleadhell,fgleadhelln@wunderground.com,Male,145.67.226.150
25,Winthrop,Matusovsky,wmatusovskyo@xrea.com,Male,97.13.150.219
26,Clayson,Mussalli,cmussallip@indiegogo.com,Male,83.52.242.172
27,Eadmund,Avey,eaveyq@slashdot.org,Male,230.7.64.1
28,Adan,Stockau,astockaur@live.com,Bigender,183.226.87.114
29,Michaelina,Puckey,mpuckeys@tiny.cc,Female,239.111.27.196
30,Bibby,Swires,bswirest@posterous.com,Female,45.110.179.144
31,Chiarra,Brabban,cbrabbanu@utexas.edu,Female,209.174.59.214
32,Alyosha,Lyste,alystev@examiner.com,Male,197.195.30.255
33,Monte,Hanster,mhansterw@fema.gov,Male,199.6.185.57
34,Yehudit,Vail,yvailx@wix.com,Male,146.142.224.52
35,Serge,Bartoloma,sbartolomay@google.com,Male,69.19.173.82
36,Flint,Blooman,fbloomanz@salon.com,Male,121.220.3.206
37,Gillie,McKune,gmckune10@state.gov,Bigender,160.103.255.227
38,Wiley,Jewsbury,wjewsbury11@google.co.uk,Male,68.155.114.58
39,Mohammed,Joannic,mjoannic12@ed.gov,Male,114.130.164.170
40,Peggy,Hamley,phamley13@marketwatch.com,Female,136.102.161.252
41,Monica,Deegan,mdeegan14@flavors.me,Female,126.53.186.54
42,Beltran,Balsdon,bbalsdon15@simplemachines.org,Male,184.204.124.147
43,Mose,Fosdick,mfosdick16@harvard.edu,Male,208.164.86.125
44,Bibbie,Petschel,bpetschel17@hud.gov,Female,200.193.111.69
45,Adeline,Kegg,akegg18@harvard.edu,Female,152.179.0.224
46,Wolfie,Larwood,wlarwood19@chronoengine.com,Male,208.198.226.74
47,Alvy,Snaith,asnaith1a@hexun.com,Male,34.45.68.149
48,Ed,Pourveer,epourveer1b@upenn.edu,Male,150.35.29.137
49,Puff,Wozencraft,pwozencraft1c@cdbaby.com,Male,80.134.33.205
50,Merrili,Harmant,mharmant1d@intel.com,Female,82.255.136.24
51,Hilly,Martugin,hmartugin1e@rakuten.co.jp,Male,183.148.163.216
52,Rickie,Clemits,rclemits1f@techcrunch.com,Female,80.7.7.58
53,Kenny,Kemwall,kkemwall1g@mail.ru,Male,161.27.135.138
54,Gratiana,Dignam,gdignam1h@istockphoto.com,Female,166.1.9.217
55,Shell,Belch,sbelch1i@people.com.cn,Male,186.236.194.22
56,Mechelle,Corneliussen,mcorneliussen1j@cbc.ca,Genderqueer,249.246.121.198
57,Demetris,Pamphilon,dpamphilon1k@liveinternet.ru,Female,203.248.147.190
58,Collie,Potticary,cpotticary1l@sohu.com,Female,92.234.48.11
59,Siouxie,Phillpotts,sphillpotts1m@nydailynews.com,Female,7.247.86.100
60,Booth,Bleasdale,bbleasdale1n@dagondesign.com,Male,58.70.203.136
61,Sherye,Burtwistle,sburtwistle1o@google.pl,Female,167.222.100.179
62,Alvy,O'Cassidy,aocassidy1p@twitpic.com,Male,195.228.135.190
63,Elihu,Spinola,espinola1q@cbsnews.com,Male,62.90.91.75
64,Marwin,Martensen,mmartensen1r@surveymonkey.com,Male,244.28.231.45
65,Farlie,Scadden,fscadden1s@economist.com,Male,200.203.60.144
66,Timothy,Triggs,ttriggs1t@ezinearticles.com,Male,0.46.232.213
67,Sheelah,Lummus,slummus1u@statcounter.com,Female,169.71.224.24
68,Talyah,Tebboth,ttebboth1v@tmall.com,Female,36.130.206.81
69,Tine,Gye,tgye1w@canalblog.com,Female,55.82.13.253
70,Geoff,Pull,gpull1x@indiegogo.com,Male,195.215.228.159
71,Kennett,Queyos,kqueyos1y@geocities.com,Agender,30.139.213.100
72,Hilliard,Bache,hbache1z@uiuc.edu,Male,178.36.248.195
73,Stormie,Gruszecki,sgruszecki20@163.com,Female,209.32.160.173
74,Liliane,Parmer,lparmer21@cbc.ca,Polygender,109.162.123.79
75,Othilia,Damiral,odamiral22@pcworld.com,Female,145.226.67.143
76,Helene,Rollings,hrollings23@theatlantic.com,Female,213.102.219.125
77,Jedediah,Greenhough,jgreenhough24@godaddy.com,Male,80.195.228.117
78,Felicle,O'Harney,foharney25@about.com,Female,60.187.133.224
79,Jedidiah,Perrington,jperrington26@topsy.com,Male,223.165.168.182
80,Neddy,Spinetti,nspinetti27@g.co,Polygender,19.23.95.191
81,Luis,Cathcart,lcathcart28@adobe.com,Male,100.214.65.92
82,Corbie,How,chow29@biglobe.ne.jp,Male,247.166.55.250
83,Reg,Hartle,rhartle2a@liveinternet.ru,Male,254.118.217.101
84,Kipp,Ezzell,kezzell2b@blogger.com,Female,118.228.42.173
85,Peggy,Scullin,pscullin2c@japanpost.jp,Female,100.245.20.10
86,Hobart,Balharry,hbalharry2d@people.com.cn,Male,1.219.124.126
87,Laurena,Lamberth,llamberth2e@addthis.com,Female,176.216.95.93
88,Alana,Yeoland,ayeoland2f@google.fr,Polygender,110.155.227.216
89,Ashlee,Garfitt,agarfitt2g@jimdo.com,Female,109.96.206.77
90,Clari,Fairy,cfairy2h@tiny.cc,Female,45.26.212.245
91,Olav,Linneman,olinneman2i@oracle.com,Male,205.143.243.63
92,Aloysius,Ouldcott,aouldcott2j@ucoz.com,Male,39.203.65.110
93,Karlan,Schorah,kschorah2k@phoca.cz,Agender,132.149.84.87
94,Stephan,Hugin,shugin2l@weebly.com,Male,173.213.80.206
95,Shaun,Suero,ssuero2m@last.fm,Agender,42.38.188.70
96,Nikaniki,Beardsdale,nbeardsdale2n@google.cn,Female,182.49.151.122
97,Wyatan,Snellman,wsnellman2o@feedburner.com,Male,182.81.44.214
98,Dee,Fusedale,dfusedale2p@tripadvisor.com,Female,85.115.47.210
99,Keen,Cornbell,kcornbell2q@google.com,Male,128.93.148.175
100,Kippie,Constantine,kconstantine2r@csmonitor.com,Male,159.118.209.142
101,Babara,Burtwell,bburtwell2s@answers.com,Female,239.118.42.156
102,Eugine,Loines,eloines2t@cam.ac.uk,Female,208.43.223.149
103,Mickie,Ponten,mponten2u@cdbaby.com,Female,224.126.41.245
104,Gloriana,Birdsey,gbirdsey2v@cargocollective.com,Female,144.136.116.110
105,Luisa,Deneve,ldeneve2w@usgs.gov,Female,187.12.133.56
106,Lynett,Heugle,lheugle2x@wiley.com,Female,178.197.130.222
107,Robbin,Wisniowski,rwisniowski2y@nationalgeographic.com,Female,145.238.162.146
108,Andre,Heck,aheck2z@mapy.cz,Male,59.97.165.110
109,Lily,Neilands,lneilands30@skyrock.com,Female,102.56.83.217
110,Hyacinthie,Merigeau,hmerigeau31@google.es,Female,58.53.224.185
111,Pattie,Weatherall,pweatherall32@photobucket.com,Female,25.214.76.205
112,Gustavo,Felmingham,gfelmingham33@vinaora.com,Male,248.159.245.73
113,Rogers,Merryfield,rmerryfield34@icio.us,Male,151.228.155.14
114,Emlyn,Blois,eblois35@altervista.org,Non-binary,80.46.82.175
115,Penny,Creese,pcreese36@apple.com,Female,1.101.69.4
116,Elmira,Bloom,ebloom37@reddit.com,Female,198.159.2.103
117,Jory,Angric,jangric38@yahoo.com,Male,244.234.172.169
118,Cyb,Troillet,ctroillet39@adobe.com,Female,127.0.215.110
119,Valli,Haughey,vhaughey3a@cbc.ca,Female,110.66.41.37
120,Shamus,Tunstall,stunstall3b@upenn.edu,Male,141.221.152.156
121,Addison,Clemot,aclemot3c@noaa.gov,Male,21.200.240.245
122,Webster,Petrillo,wpetrillo3d@sogou.com,Male,122.242.210.243
123,Lily,Boodle,lboodle3e@nature.com,Female,93.175.4.57
124,Madonna,Korting,mkorting3f@amazon.com,Female,146.39.104.97
125,Eda,Winthrop,ewinthrop3g@reddit.com,Female,212.184.96.174
126,Fawne,Carnihan,fcarnihan3h@jigsy.com,Female,55.53.43.75
127,Nance,Dyball,ndyball3i@paypal.com,Female,64.93.137.37
128,Marcelle,Prayer,mprayer3j@bing.com,Female,138.137.64.130
129,Marti,Eggle,meggle3k@gravatar.com,Genderfluid,71.25.209.188
130,Jaime,Jakel,jjakel3l@tiny.cc,Male,113.160.140.129
131,Konrad,Iannello,kiannello3m@paginegialle.it,Male,197.105.67.102
132,Finlay,Spondley,fspondley3n@seattletimes.com,Male,211.103.160.122
133,Chrissie,Fortnum,cfortnum3o@ameblo.jp,Male,239.105.146.97
134,Hiram,Latham,hlatham3p@miibeian.gov.cn,Male,189.184.161.139
135,Vito,Thunderchief,vthunderchief3q@comcast.net,Male,97.242.203.172
136,Lanie,Kilbey,lkilbey3r@nationalgeographic.com,Male,48.191.215.232
137,Zita,Riepl,zriepl3s@cornell.edu,Female,151.120.65.57
138,Joane,Ruos,jruos3t@macromedia.com,Female,252.95.206.240
139,Caril,Goucher,cgoucher3u@tumblr.com,Genderfluid,198.1.27.244
140,Inga,Tierney,itierney3v@hao123.com,Female,189.125.51.24
141,Shellysheldon,Islep,sislep3w@archive.org,Male,57.120.8.81
142,Eugen,Couves,ecouves3x@is.gd,Male,24.22.125.16
143,Monique,Vasilic,mvasilic3y@eventbrite.com,Female,117.154.245.57
144,Obediah,Tudhope,otudhope3z@sciencedirect.com,Male,223.80.124.228
145,Howard,Dombrell,hdombrell40@sina.com.cn,Male,237.180.171.129
146,Bellina,Matusov,bmatusov41@nytimes.com,Female,33.131.145.19
147,Malissia,Mardall,mmardall42@sfgate.com,Female,208.161.207.228
148,Diandra,Keays,dkeays43@latimes.com,Female,6.149.85.146
149,Aylmer,Grzegorczyk,agrzegorczyk44@harvard.edu,Male,236.7.199.251
150,Mariann,Brimilcome,mbrimilcome45@berkeley.edu,Female,88.20.74.223
151,Dona,Shoebotham,dshoebotham46@discuz.net,Female,203.185.97.12
152,Cad,Giacometti,cgiacometti47@buzzfeed.com,Male,13.226.124.35
153,Dom,Creavin,dcreavin48@hatena.ne.jp,Male,20.241.247.137
154,Giffard,Lopes,glopes49@unicef.org,Bigender,94.87.88.166
155,Moise,Arnold,marnold4a@google.es,Non-binary,69.74.234.87
156,Garvy,Scartifield,gscartifield4b@sohu.com,Male,208.34.56.86
157,Gustaf,Moreton,gmoreton4c@wikipedia.org,Male,129.95.240.234
158,Willy,Shewen,wshewen4d@timesonline.co.uk,Male,161.244.36.244
159,Gaultiero,Baumer,gbaumer4e@networkadvertising.org,Male,145.5.135.230
160,Derrek,Frusher,dfrusher4f@irs.gov,Male,191.67.153.13
161,Reina,Raeburn,rraeburn4g@163.com,Non-binary,247.168.41.0
162,Dolph,MacRitchie,dmacritchie4h@gnu.org,Male,74.243.94.26
163,Ron,Lalonde,rlalonde4i@bbc.co.uk,Genderfluid,86.211.255.54
164,Stafford,Massimo,smassimo4j@go.com,Male,10.177.41.32
165,Marcia,Pic,mpic4k@ask.com,Female,87.32.103.171
166,Isacco,Crush,icrush4l@telegraph.co.uk,Male,217.233.62.184
167,Lucie,Matousek,lmatousek4m@microsoft.com,Female,74.202.170.136
168,Tabor,Wabersich,twabersich4n@barnesandnoble.com,Male,102.85.122.150
169,Scarface,Fawcitt,sfawcitt4o@npr.org,Male,19.31.160.198
170,Kelsi,Vogel,kvogel4p@csmonitor.com,Female,235.247.130.91
171,Ailis,Upwood,aupwood4q@constantcontact.com,Female,60.91.249.146
172,Susy,Pershouse,spershouse4r@blogspot.com,Female,178.96.149.243
173,Belvia,Colbourn,bcolbourn4s@usgs.gov,Female,50.113.204.146
174,Christalle,Bahlmann,cbahlmann4t@soup.io,Female,200.161.170.144
175,Clarance,Lingwood,clingwood4u@answers.com,Male,11.42.112.9
176,Hilario,Curgenven,hcurgenven4v@java.com,Male,116.63.78.213
177,Duffie,Berrick,dberrick4w@exblog.jp,Male,103.150.42.142
178,Chick,Romeuf,cromeuf4x@baidu.com,Male,91.36.217.119
179,Lillian,Shelper,lshelper4y@bloglines.com,Female,40.28.214.135
180,Karylin,Jiggens,kjiggens4z@aol.com,Female,250.166.59.233
181,Dallon,Hofton,dhofton50@fc2.com,Male,234.13.2.209
182,Sandra,Gores,sgores51@plala.or.jp,Female,123.155.185.165
183,Giordano,Seldon,gseldon52@rediff.com,Male,126.85.70.237
184,Annadiane,Furnival,afurnival53@liveinternet.ru,Female,68.251.250.242
185,Carlota,Longdon,clongdon54@sourceforge.net,Agender,36.108.8.192
186,Randa,Goodswen,rgoodswen55@ow.ly,Agender,71.127.255.34
187,Beatriz,Duthie,bduthie56@cnn.com,Female,31.80.131.240
188,Norris,Kingswood,nkingswood57@discovery.com,Genderfluid,102.199.42.116
189,Merissa,Halliberton,mhalliberton58@forbes.com,Female,143.227.31.247
190,Marie-jeanne,Binnell,mbinnell59@yolasite.com,Female,197.57.5.82
191,Michaelina,Stanwix,mstanwix5a@cyberchimps.com,Female,139.69.207.110
192,Franciskus,Spacey,fspacey5b@whitehouse.gov,Genderqueer,247.170.201.211
193,Robby,Sawood,rsawood5c@cdbaby.com,Female,162.20.62.225
194,Humfried,Giorgetti,hgiorgetti5d@meetup.com,Male,175.43.213.49
195,Cosetta,Traske,ctraske5e@ning.com,Female,111.93.188.42
196,Aldon,Welbrock,awelbrock5f@google.com.hk,Male,180.188.213.110
197,Audry,Vivash,avivash5g@51.la,Non-binary,186.205.48.57
198,Barbabas,Eliesco,beliesco5h@liveinternet.ru,Male,32.155.91.114
199,Clyve,Sedman,csedman5i@washingtonpost.com,Male,95.172.212.157
200,Querida,Olenikov,qolenikov5j@imgur.com,Female,227.174.23.222
201,Curry,McKinney,cmckinney5k@ca.gov,Male,28.30.113.224
202,Christin,McCulley,cmcculley5l@china.com.cn,Female,207.186.106.5
203,Annabel,Cooch,acooch5m@artisteer.com,Genderfluid,158.239.46.79
204,Vinni,Gowrie,vgowrie5n@angelfire.com,Female,144.17.127.200
205,Slade,Penvarne,spenvarne5o@g.co,Male,201.101.146.214
206,Brigg,Gooda,bgooda5p@google.es,Polygender,142.176.161.29
207,Aldin,Darbishire,adarbishire5q@shop-pro.jp,Male,29.157.43.217
208,Chickie,Huckerby,chuckerby5r@nifty.com,Female,169.19.94.244
209,Gino,Ralling,gralling5s@businessinsider.com,Male,149.93.232.116
210,Joletta,Goby,jgoby5t@mail.ru,Female,188.252.224.61
211,Teodora,Baudrey,tbaudrey5u@jugem.jp,Female,252.11.40.115
212,Garvey,Cavanaugh,gcavanaugh5v@etsy.com,Male,20.153.8.173
213,Jenilee,Plumptre,jplumptre5w@cisco.com,Female,198.129.97.133
214,Nicolais,Kikke,nkikke5x@goo.gl,Male,31.221.198.196
215,Eirena,Sturton,esturton5y@upenn.edu,Female,208.119.124.134
216,Bertram,Neesam,bneesam5z@amazon.com,Male,143.121.153.243
217,Royal,Evamy,revamy60@tinyurl.com,Male,64.139.44.109
218,Editha,Filipczynski,efilipczynski61@hc360.com,Female,49.194.37.40
219,Rania,Behnke,rbehnke62@examiner.com,Female,197.96.178.169
220,Ramsey,Woolfoot,rwoolfoot63@ucoz.com,Non-binary,251.89.192.217
221,Kristine,Matskiv,kmatskiv64@163.com,Female,13.162.147.57
222,Gustavo,Binch,gbinch65@nymag.com,Male,215.253.55.71
223,Lissa,Letixier,lletixier66@cnn.com,Female,224.198.228.13
224,Jed,Soltan,jsoltan67@dmoz.org,Male,199.134.32.125
225,Pollyanna,Thireau,pthireau68@mtv.com,Female,224.230.156.185
226,Harriette,Thonason,hthonason69@china.com.cn,Female,97.166.179.111
227,Marco,Sabie,msabie6a@people.com.cn,Male,111.146.124.48
228,Anastasie,Dozdill,adozdill6b@unc.edu,Female,111.97.183.120
229,Kizzee,Haversum,khaversum6c@loc.gov,Female,106.131.219.232
230,Jarib,Pawlett,jpawlett6d@cpanel.net,Male,163.12.243.168
231,Roxanna,Slopier,rslopier6e@blinklist.com,Female,119.123.169.110
232,Elbertina,Payton,epayton6f@microsoft.com,Female,140.99.209.38
233,Brittany,Heads,bheads6g@hc360.com,Female,241.155.223.229
234,Latia,Catling,lcatling6h@huffingtonpost.com,Female,245.73.83.50
235,Sherm,Ortet,sortet6i@last.fm,Non-binary,33.208.157.215
236,Cassie,Lambrick,clambrick6j@sohu.com,Female,239.51.200.14
237,Patrica,McGrotty,pmcgrotty6k@pbs.org,Agender,4.100.56.245
238,Elliot,Pettigrew,epettigrew6l@wisc.edu,Male,130.85.80.243
239,Sarena,Buscombe,sbuscombe6m@cyberchimps.com,Female,192.17.104.166
240,Kettie,Isabell,kisabell6n@mlb.com,Female,173.240.189.205
241,Erick,Riches,eriches6o@nba.com,Male,94.239.202.96
242,Allistir,Abdey,aabdey6p@bloglovin.com,Male,144.89.178.57
243,Brandy,Scrowby,bscrowby6q@comcast.net,Male,8.240.30.199
244,Ad,Leupold,aleupold6r@de.vu,Male,32.55.57.39
245,Mariejeanne,Petrashov,mpetrashov6s@cbslocal.com,Female,57.250.66.101
246,Sayer,Illesley,sillesley6t@xinhuanet.com,Male,232.21.72.193
247,Corbin,Cohalan,ccohalan6u@msn.com,Male,130.82.216.37
248,Albert,Vasyatkin,avasyatkin6v@google.co.uk,Genderfluid,52.136.230.144
249,Gratia,Luc,gluc6w@goo.gl,Female,201.50.155.153
250,Justin,Rowlands,jrowlands6x@wsj.com,Polygender,67.213.63.235
251,Nerissa,Milstead,nmilstead6y@go.com,Female,211.194.96.145
252,Cesaro,Giovanizio,cgiovanizio6z@disqus.com,Non-binary,101.235.78.239
253,Hart,Pietroni,hpietroni70@desdev.cn,Male,235.100.180.53
254,Marice,Moreno,mmoreno71@g.co,Female,186.222.188.116
255,Stanfield,Pannaman,spannaman72@guardian.co.uk,Male,203.249.112.222
256,Danni,Cholwell,dcholwell73@shop-pro.jp,Female,171.75.22.87
257,Emanuele,Jedraszczyk,ejedraszczyk74@behance.net,Male,149.189.169.3
258,Elbert,Battrick,ebattrick75@shareasale.com,Male,84.133.101.224
259,David,Spelsbury,dspelsbury76@usa.gov,Male,173.181.155.138
260,Dirk,Lefwich,dlefwich77@twitter.com,Male,120.45.201.48
261,Vilhelmina,Hardern,vhardern78@gov.uk,Polygender,28.171.32.50
262,Christy,Eliassen,celiassen79@amazonaws.com,Genderqueer,132.28.8.33
263,Andie,Gerin,agerin7a@springer.com,Genderfluid,112.13.255.157
264,Lorette,Battram,lbattram7b@is.gd,Female,117.149.16.11
265,Logan,Ivanyutin,livanyutin7c@istockphoto.com,Male,189.12.153.141
266,Jerry,Ciobutaro,jciobutaro7d@tmall.com,Male,173.112.230.222
267,Ferdie,Antuoni,fantuoni7e@cdc.gov,Male,116.85.244.84
268,Meghann,Pigden,mpigden7f@blinklist.com,Female,197.142.210.236
269,Herrick,Keynes,hkeynes7g@typepad.com,Polygender,173.149.10.92
270,Noellyn,Gland,ngland7h@ox.ac.uk,Female,0.203.207.252
271,Nita,Curl,ncurl7i@fotki.com,Female,80.90.136.72
272,Mitchell,Boldecke,mboldecke7j@google.ru,Male,207.194.187.183
273,Yetty,Winscomb,ywinscomb7k@icio.us,Female,54.194.107.165
274,Jefferey,Vann,jvann7l@flickr.com,Male,39.217.159.39
275,Winny,Tinklin,wtinklin7m@adobe.com,Female,149.197.22.88
276,Keeley,Burtwell,kburtwell7n@feedburner.com,Female,131.41.9.249
277,Lorrie,Hulk,lhulk7o@zdnet.com,Female,157.14.235.65
278,Heidi,Lanigan,hlanigan7p@technorati.com,Female,206.127.92.48
279,Marrissa,Millar,mmillar7q@baidu.com,Female,95.225.13.246
280,Torrence,Rackham,trackham7r@uiuc.edu,Male,110.178.176.226
281,Michael,Keepence,mkeepence7s@goodreads.com,Male,129.199.241.240
282,Andris,Rodolfi,arodolfi7t@unblog.fr,Genderqueer,154.65.199.138
283,Elroy,Wallach,ewallach7u@rediff.com,Male,192.88.49.88
284,Gilli,Walak,gwalak7v@state.gov,Female,12.242.232.51
285,Shelly,Pedron,spedron7w@edublogs.org,Female,102.136.152.163
286,Windy,Pithcock,wpithcock7x@ucoz.ru,Female,153.50.184.212
287,Annissa,Kilsby,akilsby7y@mtv.com,Female,178.228.103.202
288,Roderigo,Boote,rboote7z@xrea.com,Male,63.33.181.219
289,Milo,Feaveer,mfeaveer80@who.int,Male,241.234.143.21
290,Ashely,D'Antuoni,adantuoni81@wordpress.com,Female,113.16.209.200
291,Merrilee,Elph,melph82@hostgator.com,Female,40.99.218.228
292,Kennett,Stroulger,kstroulger83@pinterest.com,Male,154.231.204.15
293,Allard,Goede,agoede84@nsw.gov.au,Male,91.160.149.248
294,Mead,Flowitt,mflowitt85@census.gov,Male,107.40.33.119
295,Paddie,Benzing,pbenzing86@gov.uk,Male,133.42.53.95
296,Otes,Giraths,ogiraths87@house.gov,Male,53.105.235.22
297,Davine,Launchbury,dlaunchbury88@prnewswire.com,Female,88.203.225.193
298,Tresa,Enochsson,tenochsson89@zimbio.com,Female,10.116.109.111
299,Gladi,Donativo,gdonativo8a@imgur.com,Female,116.51.42.1
300,Elie,Augie,eaugie8b@ocn.ne.jp,Female,43.248.178.157
301,Rufus,Barbera,rbarbera8c@senate.gov,Male,172.33.203.184
302,Florina,Jeffs,fjeffs8d@miibeian.gov.cn,Female,118.199.228.41
303,Job,Cronshaw,jcronshaw8e@jiathis.com,Male,14.36.69.119
304,Skyler,Bolan,sbolan8f@posterous.com,Male,174.14.246.197
305,Cirillo,Dimitru,cdimitru8g@example.com,Male,148.61.183.217
306,Nikolai,Latore,nlatore8h@blogger.com,Male,182.168.211.241
307,Gayle,Shiliton,gshiliton8i@businessinsider.com,Male,53.128.243.225
308,Isidor,Feeny,ifeeny8j@intel.com,Male,170.192.187.4
309,Roldan,Matyushkin,rmatyushkin8k@usnews.com,Male,145.66.248.129
310,Winnie,Le Port,wleport8l@oakley.com,Female,210.195.100.185
311,Annora,Hyde,ahyde8m@indiatimes.com,Female,29.77.122.113
312,Wyndham,Hamblett,whamblett8n@craigslist.org,Agender,162.60.177.113
313,Rosanna,Mahy,rmahy8o@yellowbook.com,Female,131.41.226.131
314,Eugenius,Yvon,eyvon8p@shutterfly.com,Male,63.177.55.218
315,Rich,Trelease,rtrelease8q@accuweather.com,Male,133.105.165.17
316,Urbano,Glabach,uglabach8r@bing.com,Male,105.158.205.28
317,Siana,Skudder,sskudder8s@dyndns.org,Female,193.194.6.139
318,Alex,Nijs,anijs8t@tmall.com,Male,202.27.140.172
319,Teirtza,Jeavon,tjeavon8u@uol.com.br,Female,152.77.208.216
320,Chas,Khadir,ckhadir8v@usnews.com,Male,51.80.222.113
321,Ophelie,Garwill,ogarwill8w@booking.com,Female,158.98.81.103
322,Elyssa,Neaves,eneaves8x@discuz.net,Female,165.123.175.56
323,Arlyne,Sperrett,asperrett8y@qq.com,Female,196.132.82.128
324,Pattie,Fairfoul,pfairfoul8z@phoca.cz,Female,216.238.243.94
325,Dyana,Bertelet,dbertelet90@wordpress.com,Female,129.59.77.31
326,Mariann,Potteridge,mpotteridge91@mit.edu,Female,49.23.107.171
327,Wald,Sagrott,wsagrott92@ezinearticles.com,Male,53.105.210.132
328,Petronella,Lathleiff,plathleiff93@nationalgeographic.com,Female,120.55.173.143
329,Garrik,Prium,gprium94@mac.com,Male,150.245.190.190
330,Inez,Scotter,iscotter95@goo.ne.jp,Female,82.178.75.25
331,Dewey,Winckworth,dwinckworth96@usnews.com,Male,63.250.147.100
332,Fredric,Marwick,fmarwick97@xing.com,Non-binary,85.212.212.1
333,Coleman,Schoolfield,cschoolfield98@ovh.net,Male,220.174.22.177
334,Berkeley,Whyley,bwhyley99@addthis.com,Male,196.246.231.182
335,Gris,Hargate,ghargate9a@cnbc.com,Male,121.192.30.126
336,Crysta,Mallya,cmallya9b@yahoo.com,Female,119.132.228.85
337,Ortensia,Swancock,oswancock9c@ca.gov,Female,209.184.148.166
338,Christie,Simmans,csimmans9d@tripod.com,Female,58.88.131.26
339,Cooper,Wittering,cwittering9e@squidoo.com,Male,140.206.212.26
340,Zared,Cornuau,zcornuau9f@nsw.gov.au,Male,194.76.36.207
341,Lindy,Balint,lbalint9g@independent.co.uk,Male,225.226.24.132
342,Court,Portingale,cportingale9h@walmart.com,Male,164.64.40.33
343,Goddart,Storrar,gstorrar9i@reverbnation.com,Male,29.47.7.93
344,Selby,Rolfi,srolfi9j@china.com.cn,Male,131.209.208.44
345,Brew,Janus,bjanus9k@vk.com,Male,124.96.32.60
346,Bernadette,Kilgour,bkilgour9l@wikia.com,Agender,154.165.253.206
347,Brittne,Amps,bamps9m@wired.com,Female,38.8.34.82
348,Pandora,Lunk,plunk9n@wunderground.com,Female,119.119.184.230
349,Danell,Turner,dturner9o@tripadvisor.com,Female,213.119.183.52
350,Alys,Lugton,alugton9p@myspace.com,Female,196.157.252.223
351,Mick,Truder,mtruder9q@dedecms.com,Male,140.88.114.43
352,Devonne,McKearnen,dmckearnen9r@un.org,Female,40.146.226.67
353,Dwight,Danser,ddanser9s@tinyurl.com,Male,111.8.250.134
354,Joy,Palffy,jpalffy9t@utexas.edu,Polygender,183.16.169.37
355,Ashli,Rushmere,arushmere9u@ted.com,Female,192.67.235.211
356,Darbee,Cholmondeley,dcholmondeley9v@altervista.org,Male,228.171.117.42
357,Sasha,Walbridge,swalbridge9w@sourceforge.net,Male,164.153.242.55
358,Daryl,Galiford,dgaliford9x@usnews.com,Female,125.223.122.21
359,Rickie,Leivesley,rleivesley9y@goo.ne.jp,Male,150.174.69.68
360,Francis,Woodfin,fwoodfin9z@1688.com,Male,20.168.11.119
361,Franchot,Ratray,fratraya0@moonfruit.com,Genderfluid,174.16.69.85
362,Jackie,Arndell,jarndella1@mit.edu,Male,218.247.106.138
363,Pieter,Rose,prosea2@unblog.fr,Male,29.36.93.88
364,Rog,Fissenden,rfissendena3@yellowpages.com,Male,202.16.183.212
365,Calypso,Carolan,ccarolana4@furl.net,Female,118.243.122.100
366,Tiffie,Gallehawk,tgallehawka5@pcworld.com,Female,120.81.176.134
367,Dawn,Bullion,dbulliona6@zimbio.com,Female,174.30.136.48
368,Nara,Hedon,nhedona7@indiatimes.com,Female,14.173.49.237
369,Gibb,MacTerlagh,gmacterlagha8@stumbleupon.com,Male,30.217.203.66
370,Anallese,Gidney,agidneya9@dell.com,Female,103.49.112.97
371,Mala,Richmont,mrichmontaa@barnesandnoble.com,Female,220.24.63.92
372,Cosimo,Lefeuvre,clefeuvreab@elpais.com,Male,91.252.242.29
373,Dori,Marzelli,dmarzelliac@fc2.com,Female,167.167.207.68
374,Evvie,Flancinbaum,eflancinbaumad@multiply.com,Female,95.127.28.37
375,Lian,Sedgeman,lsedgemanae@mapquest.com,Female,1.101.176.160
376,Kirsti,Lammertz,klammertzaf@dailymotion.com,Female,108.40.48.101
377,Orv,Juarez,ojuarezag@weibo.com,Male,12.12.68.47
378,Charisse,Dimitru,cdimitruah@apache.org,Female,252.203.210.156
379,Jeffry,Schollick,jschollickai@tmall.com,Male,132.52.66.233
380,Cesaro,Phillpot,cphillpotaj@skyrock.com,Polygender,198.87.175.182
381,Cletis,Petruk,cpetrukak@webs.com,Male,139.124.177.98
382,Kiel,De Ferrari,kdeferrarial@artisteer.com,Male,23.186.205.129
383,Bent,Dykas,bdykasam@springer.com,Male,251.175.8.46
384,Sibylle,Sprason,ssprasonan@cisco.com,Female,170.19.44.21
385,Miles,Grimble,mgrimbleao@wsj.com,Male,33.135.22.162
386,Barbaraanne,Sumpner,bsumpnerap@sfgate.com,Agender,156.133.83.183
387,Rhianon,Strewther,rstrewtheraq@blogtalkradio.com,Female,155.18.207.15
388,Darb,Hindenburg,dhindenburgar@unblog.fr,Female,104.97.156.250
389,Arlyn,Glasser,aglasseras@phoca.cz,Female,58.146.168.145
390,Marilyn,MacInerney,mmacinerneyat@imageshack.us,Polygender,20.34.228.133
391,Jereme,Udell,judellau@delicious.com,Male,21.232.252.239
392,Fredra,Imesen,fimesenav@slate.com,Female,246.114.22.169
393,Gizela,Cockle,gcockleaw@fastcompany.com,Female,239.206.215.230
394,Gawain,Birkenshaw,gbirkenshawax@studiopress.com,Male,209.234.245.112
395,Krishnah,Wrout,kwroutay@netlog.com,Male,53.122.77.243
396,Raymund,Rabier,rrabieraz@vkontakte.ru,Male,91.62.70.210
397,Yancey,Tourne,ytourneb0@unblog.fr,Genderqueer,172.0.26.248
398,Dedra,Matula,dmatulab1@hao123.com,Polygender,179.244.254.230
399,Major,Ciobutaro,mciobutarob2@taobao.com,Male,227.113.191.92
400,Lulu,Cantrill,lcantrillb3@berkeley.edu,Female,170.66.123.55
401,Tedd,Linzey,tlinzeyb4@canalblog.com,Male,23.30.94.33
402,Tonia,Ten Broek,ttenbroekb5@blogger.com,Female,49.1.204.40
403,Ingrid,Brenard,ibrenardb6@twitter.com,Female,222.119.170.126
404,Der,Volante,dvolanteb7@army.mil,Genderqueer,190.239.216.40
405,Colette,Dangl,cdanglb8@globo.com,Female,58.101.159.58
406,Maury,Carnihan,mcarnihanb9@ibm.com,Male,92.227.51.173
407,Oren,Baistow,obaistowba@yelp.com,Genderqueer,244.154.24.178
408,Hieronymus,Wherton,hwhertonbb@ucsd.edu,Non-binary,69.250.120.194
409,Ive,Fowley,ifowleybc@netscape.com,Male,155.121.66.216
410,Rance,Wandrack,rwandrackbd@virginia.edu,Male,37.236.98.82
411,Hi,Carslake,hcarslakebe@jalbum.net,Male,104.48.122.211
412,Britt,Bartholin,bbartholinbf@gov.uk,Male,5.82.79.231
413,Gregory,Kennard,gkennardbg@narod.ru,Male,105.136.249.162
414,Farris,Korneichik,fkorneichikbh@va.gov,Male,26.106.183.216
415,Cathryn,Doumic,cdoumicbi@google.com.br,Female,30.174.222.174
416,Urbano,Caitlin,ucaitlinbj@umn.edu,Male,151.196.19.24
417,Patience,Grzelewski,pgrzelewskibk@joomla.org,Female,81.187.70.185
418,Fairfax,Summerbell,fsummerbellbl@webnode.com,Male,52.208.115.48
419,Eziechiele,Pattini,epattinibm@biblegateway.com,Agender,106.190.56.85
420,Annalise,Mcasparan,amcasparanbn@bandcamp.com,Female,68.162.178.13
421,Haskell,Pringuer,hpringuerbo@newyorker.com,Male,104.130.108.127
422,Bear,Ochterlonie,bochterloniebp@facebook.com,Male,120.150.149.165
423,Alwyn,Duester,aduesterbq@seattletimes.com,Male,92.194.3.157
424,Dannie,Gibbs,dgibbsbr@instagram.com,Female,222.129.217.30
425,Lance,Markus,lmarkusbs@sfgate.com,Male,167.232.158.180
426,Juanita,Spensley,jspensleybt@privacy.gov.au,Female,78.164.4.39
427,Willdon,Strudwick,wstrudwickbu@abc.net.au,Male,234.23.204.198
428,Loreen,Legge,lleggebv@google.de,Female,38.158.13.167
429,Glynis,Seven,gsevenbw@imgur.com,Genderfluid,32.44.81.246
430,Emmalee,Dodgshon,edodgshonbx@marriott.com,Bigender,90.79.152.114
431,Arabella,Oughton,aoughtonby@a8.net,Female,205.74.143.56
432,Hillier,Nott,hnottbz@elpais.com,Male,198.112.62.138
433,Auberon,Kinkead,akinkeadc0@deliciousdays.com,Male,195.245.88.80
434,Jodie,Ranscome,jranscomec1@dmoz.org,Male,27.124.26.76
435,Kissie,Giacomazzo,kgiacomazzoc2@umn.edu,Female,50.183.226.60
436,Lucas,Payton,lpaytonc3@newyorker.com,Male,130.128.166.172
437,Felicle,Jelf,fjelfc4@si.edu,Female,2.217.55.200
438,Caroljean,Ruslen,cruslenc5@trellian.com,Female,6.230.105.99
439,Whitney,Roderick,wroderickc6@cnn.com,Female,156.71.119.221
440,Coletta,Annand,cannandc7@utexas.edu,Female,249.202.247.148
441,Dael,Faulds,dfauldsc8@skype.com,Female,212.117.119.62
442,Aurel,Pestridge,apestridgec9@ted.com,Female,151.253.26.220
443,Gualterio,Danielsson,gdanielssonca@paginegialle.it,Male,141.246.156.118
444,Petronille,Ivanov,pivanovcb@walmart.com,Female,7.76.26.63
445,Eba,Russell,erussellcc@infoseek.co.jp,Female,64.233.139.243
446,Alleyn,Lakes,alakescd@friendfeed.com,Male,244.208.195.124
447,Stewart,Towll,stowllce@pen.io,Male,39.152.178.18
448,Olenka,Mangon,omangoncf@qq.com,Female,203.70.214.149
449,Bertina,Gander,bgandercg@bloomberg.com,Female,102.30.66.48
450,Joshia,Sidgwick,jsidgwickch@nhs.uk,Male,20.168.10.203
451,Flore,McGauhy,fmcgauhyci@feedburner.com,Female,109.67.4.112
452,Alyosha,Kiledal,akiledalcj@marriott.com,Male,75.91.24.69
453,Matty,Clemo,mclemock@statcounter.com,Male,157.194.172.214
454,Ezra,Summerley,esummerleycl@taobao.com,Male,1.75.212.187
455,Mellisent,Gallyon,mgallyoncm@meetup.com,Female,198.202.114.223
456,Garik,Bassingden,gbassingdencn@ihg.com,Male,123.197.188.128
457,Caron,Sprakes,csprakesco@bloglines.com,Female,120.118.112.160
458,Jacki,Leonards,jleonardscp@freewebs.com,Female,37.219.117.207
459,Cointon,Waison,cwaisoncq@reverbnation.com,Male,163.114.205.104
460,Towney,Halfacre,thalfacrecr@weebly.com,Male,158.187.115.243
461,Angeli,Radke,aradkecs@eventbrite.com,Male,187.12.132.84
462,Sigismundo,Glinde,sglindect@plala.or.jp,Male,235.86.116.65
463,Shannen,Wayland,swaylandcu@scribd.com,Female,225.151.196.206
464,Rosanna,Tasseler,rtasselercv@hhs.gov,Female,57.175.51.147
465,Redford,Ivanuschka,rivanuschkacw@washingtonpost.com,Male,144.211.61.68
466,Ryon,Kersey,rkerseycx@themeforest.net,Male,56.92.155.98
467,Van,Paute,vpautecy@sogou.com,Male,99.67.197.21
468,Burk,Andries,bandriescz@pagesperso-orange.fr,Male,9.213.48.28
469,Arel,Filoniere,afiloniered0@dyndns.org,Male,202.140.97.76
470,Salomi,Bachellier,sbachellierd1@ihg.com,Female,210.239.40.83
471,Daniel,Lintott,dlintottd2@github.io,Male,122.28.17.142
472,Abbye,Bridgland,abridglandd3@ifeng.com,Female,246.69.148.92
473,Inesita,Roust,iroustd4@unc.edu,Female,240.37.197.22
474,Dmitri,Galiford,dgalifordd5@blog.com,Male,127.128.45.133
475,Allegra,Petrov,apetrovd6@earthlink.net,Agender,114.235.132.138
476,Mervin,Mathiassen,mmathiassend7@networksolutions.com,Male,166.31.6.93
477,Rodd,Surgener,rsurgenerd8@ning.com,Male,156.10.33.19
478,Harlene,Newband,hnewbandd9@live.com,Female,69.96.1.12
479,Davine,Johanchon,djohanchonda@naver.com,Female,106.83.29.143
480,Stanley,Wheatland,swheatlanddb@state.tx.us,Male,122.166.223.90
481,Maynard,Rugg,mruggdc@china.com.cn,Male,145.252.236.116
482,Tabbi,McCrostie,tmccrostiedd@ft.com,Female,58.0.222.245
483,Freddie,Rao,fraode@blogspot.com,Male,202.132.17.192
484,Mackenzie,Bufton,mbuftondf@va.gov,Male,140.41.48.181
485,Vivia,Shaul,vshauldg@shareasale.com,Female,46.223.140.170
486,Gus,Aulsford,gaulsforddh@bbc.co.uk,Male,11.163.64.244
487,Goldy,Wiggins,gwigginsdi@smugmug.com,Female,190.118.193.223
488,Shirlee,Durber,sdurberdj@ucsd.edu,Female,105.217.99.214
489,Patty,Le Brum,plebrumdk@gnu.org,Male,203.239.99.122
490,Trey,O'Keaveny,tokeavenydl@wp.com,Male,205.129.149.24
491,Sephira,Vinecombe,svinecombedm@nymag.com,Female,88.66.88.150
492,Rurik,Antecki,ranteckidn@blogtalkradio.com,Male,163.183.107.40
493,Allin,Moultrie,amoultriedo@webs.com,Male,150.108.0.154
494,Ezekiel,Gibbetts,egibbettsdp@about.me,Male,236.20.20.104
495,Elwyn,Bartul,ebartuldq@tinypic.com,Male,213.61.101.24
496,Domenico,Iskowitz,diskowitzdr@guardian.co.uk,Male,163.29.146.220
497,Cherey,Middiff,cmiddiffds@fda.gov,Female,71.58.249.255
498,Blisse,Daice,bdaicedt@symantec.com,Female,164.217.101.156
499,Loydie,Leese,lleesedu@smugmug.com,Polygender,147.239.53.244
500,Kelsey,Gheerhaert,kgheerhaertdv@addthis.com,Female,70.66.254.209
501,Cortie,Trenfield,ctrenfielddw@gizmodo.com,Bigender,138.50.4.86
502,Markus,Shorland,mshorlanddx@sfgate.com,Male,88.79.88.98
503,Worthy,Livens,wlivensdy@1und1.de,Male,233.226.242.67
504,Rogers,Lemerie,rlemeriedz@harvard.edu,Male,26.105.168.65
505,Munmro,Bore,mboree0@techcrunch.com,Male,159.77.159.204
506,Sawyere,Pareman,sparemane1@google.ru,Male,235.236.154.223
507,Link,Sottell,lsottelle2@ifeng.com,Male,143.245.21.177
508,Mei,Stonehewer,mstonehewere3@domainmarket.com,Female,230.204.249.82
509,Leroy,Andreazzi,landreazzie4@altervista.org,Male,68.126.222.149
510,Ellie,Gatland,egatlande5@tumblr.com,Female,83.5.196.117
511,Alyosha,Swires,aswirese6@bbb.org,Male,127.150.8.202
512,Aymer,Jeannesson,ajeannessone7@blogtalkradio.com,Male,117.185.66.215
513,Bennett,Agnolo,bagnoloe8@microsoft.com,Polygender,88.92.242.16
514,Chris,Linstead,clinsteade9@alexa.com,Female,205.237.208.86
515,Pascale,Sor,psorea@facebook.com,Male,124.174.96.193
516,Emlen,Masding,emasdingeb@slate.com,Male,163.215.237.101
517,Irene,Biesterfeld,ibiesterfeldec@typepad.com,Female,6.143.163.123
518,Hersh,Canedo,hcanedoed@cdc.gov,Male,174.46.104.20
519,Gayler,Winsiowiecki,gwinsiowieckiee@redcross.org,Male,249.71.91.25
520,Sissy,D'eathe,sdeatheef@netlog.com,Female,249.42.229.12
521,Clari,Kerswell,ckerswelleg@drupal.org,Female,103.181.103.114
522,Rosalynd,Legan,rleganeh@purevolume.com,Female,230.59.144.122
523,Brooke,Chaikovski,bchaikovskiei@microsoft.com,Female,17.239.69.204
524,Eduino,Skeemor,eskeemorej@eventbrite.com,Male,12.191.27.201
525,Donica,Blanque,dblanqueek@cyberchimps.com,Non-binary,89.180.247.218
526,Berny,Robertsson,brobertssonel@dailymotion.com,Male,135.40.89.40
527,Georgina,Hilliam,ghilliamem@soundcloud.com,Female,72.135.215.47
528,Anthe,Stepto,asteptoen@mayoclinic.com,Female,172.45.249.200
529,Caz,Vertey,cverteyeo@discovery.com,Male,105.178.14.69
530,Gwen,Light,glightep@indiegogo.com,Female,27.149.8.193
531,Ami,Minnock,aminnockeq@ucla.edu,Female,191.149.173.9
532,Gael,Leavey,gleaveyer@meetup.com,Female,72.58.163.191
533,Haslett,Mc Meekan,hmcmeekanes@mtv.com,Male,183.104.232.146
534,Antonio,Geare,ageareet@wufoo.com,Male,25.109.161.4
535,Daniel,Coskerry,dcoskerryeu@fastcompany.com,Male,161.96.194.10
536,Robin,McClurg,rmcclurgev@icio.us,Female,214.91.219.242
537,Amil,Farrens,afarrensew@sciencedaily.com,Genderqueer,236.199.92.133
538,Fionna,Holleworth,fholleworthex@vinaora.com,Female,95.13.93.130
539,Collette,Denisovo,cdenisovoey@uol.com.br,Female,222.219.34.144
540,Marcelia,Gamwell,mgamwellez@ustream.tv,Female,191.221.236.40
541,Eyde,Duguid,eduguidf0@homestead.com,Female,70.197.173.60
542,Hollis,Waitland,hwaitlandf1@opera.com,Male,121.223.199.50
543,Ailene,Spencers,aspencersf2@smugmug.com,Female,32.162.240.179
544,Barbette,Whitemarsh,bwhitemarshf3@sogou.com,Genderfluid,197.16.17.184
545,Tiffy,Scutcheon,tscutcheonf4@reuters.com,Female,151.79.30.137
546,Ransell,Engall,rengallf5@macromedia.com,Genderfluid,54.217.66.235
547,Clem,Wilfling,cwilflingf6@furl.net,Male,190.6.210.21
548,Laurella,Ceccoli,lceccolif7@g.co,Female,148.201.26.52
549,Nelle,Dives,ndivesf8@photobucket.com,Female,208.24.235.90
550,Gisele,Barratt,gbarrattf9@g.co,Female,93.79.167.79
551,Valma,Dincke,vdinckefa@simplemachines.org,Female,212.182.40.101
552,Marilin,Proschek,mproschekfb@dyndns.org,Female,96.13.180.201
553,Peggi,Worsell,pworsellfc@uol.com.br,Female,91.116.12.107
554,Ryley,Dow,rdowfd@is.gd,Male,39.160.170.231
555,Ivar,Sygroves,isygrovesfe@liveinternet.ru,Male,1.71.192.117
556,Meyer,Mauchline,mmauchlineff@fotki.com,Male,153.215.198.241
557,Steven,Traise,straisefg@ehow.com,Male,220.163.136.242
558,Errol,Eckley,eeckleyfh@amazon.com,Male,75.176.140.211
559,Alphonse,Pestridge,apestridgefi@nba.com,Male,233.35.107.70
560,Carmelina,Normanville,cnormanvillefj@github.com,Female,160.59.118.19
561,Lyndsay,Andries,landriesfk@wunderground.com,Female,25.16.92.192
562,Lucila,Sallenger,lsallengerfl@indiegogo.com,Female,3.104.128.158
563,Deerdre,Doding,ddodingfm@nps.gov,Female,116.101.216.78
564,Ailee,Barabisch,abarabischfn@ed.gov,Female,110.73.236.252
565,Symon,Luigi,sluigifo@istockphoto.com,Male,246.138.156.22
566,Kathlin,Henke,khenkefp@foxnews.com,Female,251.12.210.115
567,Reynard,Poolton,rpooltonfq@businesswire.com,Male,124.243.63.235
568,Vickie,Accum,vaccumfr@globo.com,Female,48.82.158.49
569,Mendy,Lunn,mlunnfs@yolasite.com,Male,90.125.60.190
570,Vale,Bratchell,vbratchellft@issuu.com,Female,24.245.49.89
571,Gwenny,Whitley,gwhitleyfu@foxnews.com,Female,181.190.123.190
572,Tiphany,Winston,twinstonfv@fema.gov,Female,66.129.221.133
573,Meridith,Kingzett,mkingzettfw@java.com,Polygender,222.141.139.119
574,Brendan,Wooton,bwootonfx@desdev.cn,Male,168.16.216.22
575,Dinah,Brimm,dbrimmfy@rambler.ru,Female,92.237.34.103
576,Papageno,Ewen,pewenfz@addtoany.com,Male,159.96.184.100
577,Delcine,Norker,dnorkerg0@phoca.cz,Female,90.10.124.249
578,Danyette,Weyman,dweymang1@accuweather.com,Female,179.17.149.148
579,Urson,Hammon,uhammong2@github.io,Male,154.93.242.17
580,Spencer,Tillyer,stillyerg3@oakley.com,Male,21.60.222.34
581,Salomon,Minocchi,sminocchig4@huffingtonpost.com,Male,225.89.122.3
582,Kori,Filipov,kfilipovg5@t-online.de,Female,149.152.131.183
583,Corabelle,Meyrick,cmeyrickg6@newsvine.com,Female,212.92.161.118
584,My,Rosenblum,mrosenblumg7@webeden.co.uk,Male,178.39.174.182
585,Ashla,Odney,aodneyg8@ovh.net,Female,156.186.109.7
586,Findley,Siely,fsielyg9@tmall.com,Male,208.84.17.34
587,Pacorro,Mauger,pmaugerga@mayoclinic.com,Male,36.105.87.114
588,Verge,Filer,vfilergb@fotki.com,Male,79.181.57.210
589,Dwayne,Klimov,dklimovgc@blogger.com,Male,8.46.201.5
590,Genovera,Pinhorn,gpinhorngd@uiuc.edu,Female,121.6.21.221
591,Cornelle,Pendry,cpendryge@diigo.com,Female,224.126.201.183
592,Angelo,Cleaver,acleavergf@domainmarket.com,Male,17.21.237.38
593,Austin,McLaughlin,amclaughlingg@wordpress.org,Male,9.179.18.128
594,Maye,Zouch,mzouchgh@w3.org,Genderqueer,219.37.180.194
595,Dal,Orwin,dorwingi@umn.edu,Male,41.34.78.96
596,Octavius,Hopfner,ohopfnergj@bizjournals.com,Male,193.121.157.151
597,Bernete,Kures,bkuresgk@sourceforge.net,Female,238.215.250.76
598,Diane,Osgorby,dosgorbygl@yellowbook.com,Female,213.32.201.169
599,Brody,Rude,brudegm@stumbleupon.com,Male,55.187.212.65
600,Brigg,Betton,bbettongn@nsw.gov.au,Male,172.126.181.22
601,Dominga,Wellfare,dwellfarego@reference.com,Female,110.209.35.130
602,Beltran,Matias,bmatiasgp@bloomberg.com,Male,216.84.95.59
603,Yvette,Grinnov,ygrinnovgq@netvibes.com,Female,33.4.159.76
604,Louis,Cockram,lcockramgr@linkedin.com,Male,146.86.79.173
605,Pamelina,Delacote,pdelacotegs@feedburner.com,Non-binary,63.217.231.213
606,Nikkie,Whittock,nwhittockgt@themeforest.net,Female,129.39.225.144
607,Wenonah,Meiklam,wmeiklamgu@ifeng.com,Female,160.208.172.116
608,Selie,Antonomolii,santonomoliigv@slashdot.org,Female,211.220.180.180
609,Fabe,Elwood,felwoodgw@icio.us,Male,5.238.189.25
610,Saunders,Macveigh,smacveighgx@google.fr,Male,69.206.27.140
611,Ellary,Bullman,ebullmangy@furl.net,Agender,199.128.79.162
612,Eva,Lindblad,elindbladgz@state.gov,Female,13.5.232.233
613,Pammie,Farnan,pfarnanh0@comsenz.com,Agender,129.67.112.236
614,Shoshana,Aves,savesh1@state.tx.us,Female,127.33.255.118
615,Rosamund,Brashier,rbrashierh2@cdbaby.com,Genderqueer,62.103.44.158
616,Atlante,Rehn,arehnh3@joomla.org,Female,251.10.78.57
617,Wald,Raye,wrayeh4@live.com,Male,1.159.139.251
618,Chrotoem,Gillis,cgillish5@skype.com,Non-binary,108.14.166.230
619,Elvera,Newing,enewingh6@hugedomains.com,Female,14.58.218.248
620,Carilyn,Perrigo,cperrigoh7@amazon.co.uk,Female,88.178.252.151
621,Giorgia,Guirardin,gguirardinh8@howstuffworks.com,Genderqueer,242.88.107.37
622,Nicole,Shermar,nshermarh9@last.fm,Female,232.192.230.144
623,Doloritas,Richold,dricholdha@blogspot.com,Female,215.74.140.109
624,Normie,Belamy,nbelamyhb@php.net,Male,123.181.194.63
625,Ursuline,Humphrey,uhumphreyhc@sogou.com,Female,239.154.142.93
626,Latrena,McTrustrie,lmctrustriehd@mozilla.com,Female,207.143.87.239
627,Catlin,Scarce,cscarcehe@thetimes.co.uk,Female,255.174.219.11
628,Brena,Gecke,bgeckehf@feedburner.com,Female,31.192.160.87
629,Colette,Wilfling,cwilflinghg@nhs.uk,Female,199.9.173.110
630,Orrin,Straker,ostrakerhh@sohu.com,Male,200.31.201.90
631,Luciano,Bottini,lbottinihi@accuweather.com,Male,61.120.54.235
632,Brennan,Tall,btallhj@phoca.cz,Male,73.204.178.249
633,Annmarie,Hawket,ahawkethk@digg.com,Female,178.164.112.214
634,Perren,Tripney,ptripneyhl@disqus.com,Polygender,221.181.55.19
635,Morgun,Laible,mlaiblehm@nyu.edu,Male,40.161.205.92
636,Elias,Riddiough,eriddioughhn@t-online.de,Male,206.135.52.67
637,Lena,Flott,lflottho@businessinsider.com,Female,213.139.232.7
638,Burr,Pemberton,bpembertonhp@github.io,Male,178.201.1.238
639,Candide,Mathey,cmatheyhq@de.vu,Female,160.120.194.157
640,Emery,Lerego,eleregohr@moonfruit.com,Male,37.248.59.25
641,Reginald,Keiley,rkeileyhs@ehow.com,Male,166.238.185.37
642,Verge,Eteen,veteenht@discovery.com,Male,139.5.180.112
643,Hildagard,Bonny,hbonnyhu@wsj.com,Agender,130.61.211.3
644,Theresina,Jane,tjanehv@telegraph.co.uk,Female,101.51.199.2
645,Amitie,Skey,askeyhw@gizmodo.com,Agender,210.253.176.109
646,Sidnee,Kayzer,skayzerhx@zdnet.com,Male,137.242.240.226
647,Urson,Shovlar,ushovlarhy@altervista.org,Male,97.219.148.12
648,Raynard,Byres,rbyreshz@altervista.org,Male,114.116.231.29
649,Chloris,Kerwick,ckerwicki0@list-manage.com,Female,200.91.95.254
650,Lauritz,Millhill,lmillhilli1@howstuffworks.com,Male,247.169.242.226
651,Saidee,Suche,ssuchei2@sitemeter.com,Female,128.224.155.134
652,Hewet,Brian,hbriani3@webs.com,Male,181.135.20.215
653,Morrie,Quan,mquani4@cbslocal.com,Male,156.36.29.218
654,Eb,Ingrey,eingreyi5@sphinn.com,Male,220.103.235.221
655,Ignacio,Camoletto,icamolettoi6@harvard.edu,Male,41.179.191.175
656,Rachel,Chapier,rchapieri7@dropbox.com,Female,162.52.93.210
657,Euphemia,Widocks,ewidocksi8@ameblo.jp,Female,143.145.23.237
658,Wilow,Teek,wteeki9@plala.or.jp,Female,201.46.216.147
659,Ferguson,Wiltshire,fwiltshireia@bbc.co.uk,Male,28.242.21.195
660,Vina,Greatbach,vgreatbachib@cargocollective.com,Female,86.199.144.179
661,Conn,Brunning,cbrunningic@furl.net,Male,116.56.235.47
662,Andrey,Sommerfeld,asommerfeldid@wordpress.org,Male,220.199.136.192
663,Onfroi,Reedy,oreedyie@slideshare.net,Male,31.54.249.191
664,Esmeralda,Goddman,egoddmanif@t-online.de,Female,175.168.38.24
665,Kai,Umpleby,kumplebyig@ucsd.edu,Female,64.15.91.161
666,Nina,Paule,npauleih@storify.com,Female,212.0.102.30
667,Rene,Talby,rtalbyii@washington.edu,Male,66.135.46.227
668,Jeremias,Clipson,jclipsonij@nationalgeographic.com,Male,159.242.255.93
669,Tremayne,Verryan,tverryanik@admin.ch,Male,160.205.51.77
670,Bert,Trewin,btrewinil@toplist.cz,Male,197.206.143.225
671,Lonny,Unworth,lunworthim@sakura.ne.jp,Male,197.1.99.80
672,Barby,Sawkins,bsawkinsin@java.com,Female,37.79.235.150
673,Horacio,Cheasman,hcheasmanio@github.io,Male,47.16.227.95
674,Katherina,Vaillant,kvaillantip@yahoo.com,Female,189.84.96.10
675,Barry,Takkos,btakkosiq@weather.com,Female,159.226.109.66
676,Cosme,Sandford,csandfordir@posterous.com,Male,42.15.143.9
677,Johann,Pennycuick,jpennycuickis@g.co,Male,23.120.163.95
678,Sela,McKernan,smckernanit@webeden.co.uk,Female,181.200.242.88
679,Trever,Benadette,tbenadetteiu@issuu.com,Male,170.252.252.89
680,Clementia,Upex,cupexiv@imgur.com,Female,220.90.68.157
681,Jo,Taborre,jtaborreiw@mapy.cz,Female,218.195.41.126
682,Erasmus,Leagas,eleagasix@google.de,Male,137.110.95.68
683,Latrena,Cleworth,lcleworthiy@constantcontact.com,Female,32.0.77.186
684,Pat,Richardson,prichardsoniz@tinyurl.com,Female,108.187.192.37
685,Adorne,Kyncl,akynclj0@myspace.com,Female,131.180.125.146
686,Xylia,Crowley,xcrowleyj1@sciencedirect.com,Female,168.120.180.12
687,Katherine,Millom,kmillomj2@fotki.com,Female,144.82.17.121
688,Audie,Whoolehan,awhoolehanj3@jalbum.net,Female,189.119.127.36
689,Rosemaria,Mytton,rmyttonj4@vistaprint.com,Female,212.230.34.112
690,Madlin,MacCaughey,mmaccaugheyj5@omniture.com,Female,189.195.223.170
691,Norbie,Velti,nveltij6@cbslocal.com,Male,44.50.121.22
692,Lilllie,Oaks,loaksj7@google.fr,Female,173.225.242.216
693,Derk,Southerell,dsoutherellj8@bloglines.com,Male,65.252.123.37
694,Jami,Barwack,jbarwackj9@diigo.com,Female,76.154.222.165
695,Alina,Rosetti,arosettija@ifeng.com,Female,71.56.166.38
696,Randene,Vasilov,rvasilovjb@bloomberg.com,Female,76.243.27.167
697,Cyndy,Crumly,ccrumlyjc@noaa.gov,Female,74.245.217.178
698,Phip,Karolovsky,pkarolovskyjd@sakura.ne.jp,Male,192.54.106.200
699,Mira,Brisker,mbriskerje@blog.com,Female,180.79.180.3
700,Daryl,Doe,ddoejf@cbslocal.com,Male,100.56.132.50
701,Adria,Freiburger,afreiburgerjg@hatena.ne.jp,Female,239.130.217.175
702,Morlee,Tilbey,mtilbeyjh@is.gd,Male,27.89.148.155
703,Berenice,Temlett,btemlettji@indiegogo.com,Female,207.235.3.2
704,Zara,Klee,zkleejj@sciencedaily.com,Non-binary,54.245.235.200
705,Marj,Egre,megrejk@so-net.ne.jp,Polygender,117.249.153.240
706,Shirley,Joselovitch,sjoselovitchjl@huffingtonpost.com,Female,239.14.23.77
707,Kenna,Boycott,kboycottjm@mysql.com,Female,120.147.54.109
708,Gertruda,Karadzas,gkaradzasjn@icio.us,Female,69.36.34.123
709,Jeanie,Risbridger,jrisbridgerjo@wordpress.com,Female,251.85.47.58
710,Maxim,Songer,msongerjp@blogtalkradio.com,Male,223.127.212.23
711,Sebastian,Lease,sleasejq@umich.edu,Male,124.32.212.50
712,Durward,Minucci,dminuccijr@1688.com,Male,204.114.17.178
713,Ursa,Popescu,upopescujs@simplemachines.org,Female,47.73.4.88
714,Tommy,Nyles,tnylesjt@gov.uk,Male,171.169.116.212
715,Claudelle,Fibbens,cfibbensju@free.fr,Female,236.14.8.121
716,Petunia,McFater,pmcfaterjv@live.com,Female,82.216.86.253
717,Odie,Lytell,olytelljw@godaddy.com,Male,56.8.242.5
718,Mei,Laughren,mlaughrenjx@bbb.org,Female,149.36.128.11
719,Demetris,Brewitt,dbrewittjy@whitehouse.gov,Female,108.230.86.27
720,Aron,Skyner,askynerjz@mysql.com,Male,63.199.117.14
721,West,Hutchison,whutchisonk0@fema.gov,Male,176.157.41.211
722,Rosy,Walthall,rwalthallk1@last.fm,Female,97.144.156.206
723,Odette,Snowball,osnowballk2@technorati.com,Female,239.18.169.147
724,Fallon,Sibun,fsibunk3@ox.ac.uk,Female,6.236.53.140
725,Neysa,Pelosi,npelosik4@yellowbook.com,Genderfluid,199.83.229.169
726,Rockwell,Stonard,rstonardk5@prnewswire.com,Male,255.3.31.255
727,Gilligan,Jacques,gjacquesk6@godaddy.com,Female,181.31.18.59
728,Danella,Ratray,dratrayk7@msn.com,Female,224.168.187.193
729,Thatch,Obispo,tobispok8@theatlantic.com,Genderqueer,151.28.68.205
730,Ebba,Huckerby,ehuckerbyk9@toplist.cz,Female,140.157.132.235
731,Perri,Carthy,pcarthyka@shinystat.com,Female,16.10.118.127
732,Alasdair,Gracewood,agracewoodkb@who.int,Bigender,197.207.96.205
733,Maitilde,Wills,mwillskc@google.co.uk,Female,29.143.136.167
734,Austin,Kaygill,akaygillkd@hibu.com,Female,126.71.131.141
735,Gabriello,Budcock,gbudcockke@vinaora.com,Male,11.46.167.218
736,Dolf,Rowlands,drowlandskf@free.fr,Male,177.115.132.246
737,Melodie,Harce,mharcekg@prlog.org,Female,46.17.89.90
738,Thebault,Edmett,tedmettkh@phpbb.com,Agender,9.191.209.82
739,Augy,Pitkeathly,apitkeathlyki@seesaa.net,Male,229.157.42.88
740,Claus,Hartwright,chartwrightkj@123-reg.co.uk,Male,196.183.72.195
741,Jorgan,Coots,jcootskk@cdbaby.com,Polygender,14.115.212.213
742,Mohandis,Jeacocke,mjeacockekl@qq.com,Male,117.196.186.53
743,Neale,Ginnaly,nginnalykm@huffingtonpost.com,Male,239.82.41.164
744,Kiersten,Desforges,kdesforgeskn@wp.com,Female,83.29.106.45
745,Amos,Bendell,abendellko@ovh.net,Male,233.56.29.107
746,Karlene,Navarijo,knavarijokp@psu.edu,Female,59.12.9.107
747,Jaime,Latty,jlattykq@w3.org,Male,39.158.147.56
748,Arabele,Drawmer,adrawmerkr@wunderground.com,Female,48.92.218.15
749,Neal,Lomaz,nlomazks@cyberchimps.com,Male,0.251.30.75
750,Lauri,Snodden,lsnoddenkt@hhs.gov,Female,7.102.174.51
751,Iseabal,Goodricke,igoodrickeku@aboutads.info,Female,42.74.2.219
752,Sarita,Kalkofer,skalkoferkv@diigo.com,Female,60.221.4.53
753,Jaine,Chamberlain,jchamberlainkw@walmart.com,Female,214.42.6.150
754,Rea,Meo,rmeokx@umich.edu,Female,88.176.59.64
755,Vidovic,O'Neil,voneilky@cbslocal.com,Male,185.84.100.144
756,Kassandra,Wallach,kwallachkz@ezinearticles.com,Female,55.141.148.45
757,Cletus,Claiden,cclaidenl0@cbsnews.com,Male,145.77.140.6
758,Kameko,Wittey,kwitteyl1@issuu.com,Female,57.82.52.71
759,Glyn,Vogeler,gvogelerl2@walmart.com,Genderqueer,222.144.140.168
760,Olivette,O'Curneen,oocurneenl3@businessinsider.com,Female,78.43.153.185
761,Lev,Rathborne,lrathbornel4@wordpress.org,Male,233.76.251.153
762,Ema,Momford,emomfordl5@cbc.ca,Female,70.30.182.32
763,Emera,Pellatt,epellattl6@nature.com,Female,245.165.197.26
764,Helenka,Pointon,hpointonl7@mapquest.com,Female,36.39.139.176
765,Dehlia,Meller,dmellerl8@360.cn,Female,210.56.188.73
766,Gilberte,Doul,gdoull9@friendfeed.com,Genderqueer,152.246.136.173
767,Rickey,Balmadier,rbalmadierla@cyberchimps.com,Bigender,225.3.214.4
768,Nicolai,Wyllt,nwylltlb@sakura.ne.jp,Male,188.176.152.19
769,Morse,Chelsom,mchelsomlc@list-manage.com,Male,21.204.72.145
770,Hephzibah,Sholem,hsholemld@admin.ch,Female,27.54.153.47
771,Tanny,Boundley,tboundleyle@posterous.com,Male,164.41.159.33
772,Cordi,Yablsley,cyablsleylf@state.gov,Non-binary,33.39.165.197
773,Dee,Killingbeck,dkillingbecklg@amazon.com,Female,20.211.43.112
774,Ike,Yexley,iyexleylh@topsy.com,Male,120.79.122.244
775,Franklyn,Overton,fovertonli@ucsd.edu,Male,40.122.219.133
776,Ambrosius,Le Gallo,alegallolj@marriott.com,Male,164.168.36.248
777,Kylen,Cleere,kcleerelk@hubpages.com,Female,165.24.116.22
778,Darn,Mundell,dmundellll@cpanel.net,Male,50.216.128.182
779,Clari,Stephens,cstephenslm@google.co.jp,Female,202.183.70.181
780,Riobard,Hyam,rhyamln@si.edu,Male,192.15.177.204
781,Pauletta,Chirm,pchirmlo@alibaba.com,Female,107.15.30.31
782,Myrilla,Millott,mmillottlp@quantcast.com,Female,126.184.37.54
783,Rossie,Hallick,rhallicklq@economist.com,Male,46.173.29.174
784,Iormina,Plewman,iplewmanlr@upenn.edu,Female,69.129.190.99
785,Koral,McQuilty,kmcquiltyls@wikipedia.org,Female,178.164.9.157
786,Katheryn,Bloss,kblosslt@auda.org.au,Female,177.140.175.65
787,Marci,Wesker,mweskerlu@dmoz.org,Female,89.22.49.147
788,Eolande,Bendare,ebendarelv@tuttocitta.it,Agender,226.195.137.174
789,Eliza,Bolwell,ebolwelllw@sfgate.com,Non-binary,244.159.99.71
790,Gabbi,Sellors,gsellorslx@army.mil,Bigender,241.176.130.60
791,Winonah,MacFadden,wmacfaddenly@microsoft.com,Female,1.237.129.224
792,Andrey,Marc,amarclz@exblog.jp,Male,229.57.201.157
793,Murielle,Milesop,mmilesopm0@ft.com,Female,176.177.37.99
794,Tammie,Finch,tfinchm1@businessweek.com,Male,156.179.163.172
795,Pernell,Georgeon,pgeorgeonm2@meetup.com,Male,36.13.215.233
796,Colly,Jedrzejewicz,cjedrzejewiczm3@cornell.edu,Female,121.227.174.83
797,Jorgan,Legate,jlegatem4@youtu.be,Male,23.191.153.115
798,Arnold,Mackrell,amackrellm5@barnesandnoble.com,Male,55.60.11.112
799,Glyn,Beekman,gbeekmanm6@prlog.org,Male,113.168.13.171
800,Andeee,Patek,apatekm7@prlog.org,Female,193.238.232.209
801,Delmor,Jaggar,djaggarm8@newsvine.com,Male,19.186.27.229
802,Carmita,Walsom,cwalsomm9@livejournal.com,Female,109.2.12.180
803,Culver,Bezemer,cbezemerma@ucla.edu,Male,92.237.134.220
804,Piotr,Tallet,ptalletmb@ask.com,Male,228.140.234.56
805,Corrianne,Jeremaes,cjeremaesmc@salon.com,Female,151.165.132.5
806,Cherise,Pavis,cpavismd@dagondesign.com,Female,207.157.189.88
807,Octavia,Hailes,ohailesme@stumbleupon.com,Female,156.246.189.83
808,Adlai,Icke,aickemf@auda.org.au,Male,207.205.50.73
809,Cecilius,Binnie,cbinniemg@t.co,Male,85.71.179.88
810,Dniren,Lampart,dlampartmh@ft.com,Female,187.72.24.213
811,Stephie,Strass,sstrassmi@samsung.com,Female,127.251.48.97
812,Winthrop,Dinley,wdinleymj@digg.com,Male,211.46.243.210
813,Ediva,Kinningley,ekinningleymk@ebay.com,Female,254.131.189.143
814,Emmett,Cosgrove,ecosgroveml@utexas.edu,Male,44.16.132.19
815,Rosina,MacVagh,rmacvaghmm@nature.com,Female,172.155.43.52
816,Mignonne,Yurlov,myurlovmn@phoca.cz,Female,101.69.182.117
817,Ethelda,Ware,ewaremo@domainmarket.com,Female,215.238.41.205
818,Kurtis,Stringer,kstringermp@reuters.com,Male,204.61.63.22
819,Goldie,Bohan,gbohanmq@blogger.com,Genderfluid,250.86.77.172
820,Cindee,Humphery,chumpherymr@deliciousdays.com,Female,40.27.41.147
821,Frieda,Crookshank,fcrookshankms@un.org,Female,63.187.177.224
822,Cece,Richardeau,crichardeaumt@census.gov,Male,96.182.97.78
823,Bobina,Bielefeld,bbielefeldmu@amazonaws.com,Female,200.9.101.106
824,Delcina,Collimore,dcollimoremv@mail.ru,Female,129.246.181.135
825,Alie,Membry,amembrymw@booking.com,Female,169.138.181.71
826,Lacey,Veness,lvenessmx@alexa.com,Genderfluid,61.2.36.156
827,Winonah,Trout,wtroutmy@elegantthemes.com,Female,174.126.175.30
828,Loutitia,Hugh,lhughmz@shutterfly.com,Female,15.188.41.110
829,Helyn,Moyer,hmoyern0@tinyurl.com,Genderfluid,105.18.16.147
830,Norma,Burnell,nburnelln1@g.co,Female,248.97.57.60
831,Caspar,Beardsdale,cbeardsdalen2@hp.com,Genderfluid,71.50.111.112
832,Tabbie,Marcam,tmarcamn3@ft.com,Female,3.137.171.29
833,Nanice,Philippet,nphilippetn4@digg.com,Female,192.182.161.6
834,Hirsch,Atkins,hatkinsn5@msu.edu,Male,61.113.139.174
835,Heloise,Meaton,hmeatonn6@wordpress.org,Female,126.220.200.127
836,Vanni,Rodway,vrodwayn7@amazon.com,Female,108.216.232.202
837,Arlen,Batting,abattingn8@sohu.com,Male,185.115.200.198
838,Mallory,Issacov,missacovn9@cocolog-nifty.com,Female,75.218.206.25
839,Cecelia,Davids,cdavidsna@sciencedirect.com,Female,109.131.34.248
840,Babette,Coughlin,bcoughlinnb@skyrock.com,Female,101.80.97.84
841,Putnem,Shorte,pshortenc@columbia.edu,Male,90.155.86.114
842,Beverlee,Donoher,bdonohernd@springer.com,Female,163.158.189.176
843,Delbert,Sankey,dsankeyne@hostgator.com,Male,66.158.31.219
844,Marcus,Tofpik,mtofpiknf@umich.edu,Male,39.157.107.146
845,Pancho,Byart,pbyartng@washington.edu,Male,19.149.143.199
846,Honor,Denis,hdenisnh@abc.net.au,Female,172.169.204.50
847,Winona,Lyngsted,wlyngstedni@ovh.net,Female,213.20.198.204
848,Saul,Soan,ssoannj@rakuten.co.jp,Male,152.52.19.25
849,Ebba,Geard,egeardnk@hibu.com,Female,147.132.37.22
850,Allayne,Faley,afaleynl@yellowpages.com,Male,20.75.148.72
851,Caitlin,Blades,cbladesnm@smugmug.com,Female,73.4.176.166
852,Teddy,Gemmell,tgemmellnn@webnode.com,Male,55.198.50.243
853,Lucky,Silly,lsillyno@nih.gov,Female,61.112.160.170
854,Leslie,Sears,lsearsnp@yahoo.co.jp,Male,122.211.143.72
855,Rutger,Livingston,rlivingstonnq@infoseek.co.jp,Male,225.122.25.94
856,Lainey,Gasken,lgaskennr@jigsy.com,Female,203.251.103.202
857,Sawyer,Hales,shalesns@nsw.gov.au,Male,117.186.136.73
858,Valina,Tassaker,vtassakernt@adobe.com,Genderqueer,82.132.142.87
859,Teddie,Sciusscietto,tsciussciettonu@ed.gov,Male,232.180.51.52
860,Keefe,Erangey,kerangeynv@alexa.com,Male,127.86.147.141
861,Claiborne,Tesdale,ctesdalenw@arizona.edu,Male,135.173.236.186
862,Lulu,Borsnall,lborsnallnx@marketwatch.com,Female,102.135.224.228
863,Bartolemo,Ram,bramny@macromedia.com,Male,80.128.39.61
864,Suzi,MacPherson,smacphersonnz@eepurl.com,Female,220.0.250.128
865,Eulalie,Pummery,epummeryo0@skype.com,Female,202.216.121.3
866,Zolly,Sails,zsailso1@themeforest.net,Male,246.188.247.213
867,Kin,Chesswas,kchesswaso2@boston.com,Male,178.74.41.28
868,Jard,Lomen,jlomeno3@gnu.org,Male,237.150.178.242
869,Maddy,Phair,mphairo4@digg.com,Male,73.36.171.73
870,Ciro,Duckworth,cduckwortho5@bbc.co.uk,Male,25.15.82.141
871,Linn,Hunton,lhuntono6@rambler.ru,Female,7.205.187.125
872,Lisha,Nayer,lnayero7@sourceforge.net,Female,193.188.128.215
873,Isidoro,O'Lyhane,iolyhaneo8@sakura.ne.jp,Male,232.1.211.167
874,Halie,Haggard,hhaggardo9@etsy.com,Female,150.85.20.72
875,Kylynn,Keems,kkeemsoa@tmall.com,Female,38.126.15.157
876,Lynelle,Bankes,lbankesob@bloglines.com,Female,162.180.45.135
877,Freddy,Cord,fcordoc@naver.com,Male,34.9.19.73
878,Marga,Pettitt,mpettittod@com.com,Female,249.79.4.17
879,Audry,Filyushkin,afilyushkinoe@printfriendly.com,Female,14.213.253.116
880,Happy,Handes,hhandesof@wikispaces.com,Female,28.223.87.67
881,Consolata,Jockle,cjockleog@acquirethisname.com,Female,146.243.43.199
882,Son,McGray,smcgrayoh@buzzfeed.com,Male,35.197.191.203
883,Ira,Purle,ipurleoi@cyberchimps.com,Male,224.68.60.175
884,Corabel,Waryk,cwarykoj@bigcartel.com,Female,162.92.233.24
885,Bail,Broun,bbrounok@ning.com,Bigender,96.13.200.227
886,Elfreda,Blasgen,eblasgenol@cbsnews.com,Female,1.97.107.108
887,Kiley,Trowbridge,ktrowbridgeom@nasa.gov,Male,68.120.135.142
888,Sayers,Beckenham,sbeckenhamon@seattletimes.com,Male,132.238.33.108
889,Willi,Dodsley,wdodsleyoo@cnn.com,Bigender,219.171.130.33
890,William,Geharke,wgeharkeop@msu.edu,Male,224.148.59.192
891,Terrijo,Soal,tsoaloq@yelp.com,Female,243.195.98.65
892,Boniface,Rissen,brissenor@php.net,Male,17.225.135.111
893,Andee,Thrasher,athrasheros@t.co,Female,6.63.32.131
894,Adam,Derisly,aderislyot@squidoo.com,Male,23.92.241.196
895,Tisha,Pettyfer,tpettyferou@nsw.gov.au,Female,221.236.66.99
896,Emmeline,Frick,efrickov@reference.com,Female,191.14.103.206
897,Jarib,Jeandel,jjeandelow@ebay.com,Male,186.40.188.103
898,Dannie,Dawkes,ddawkesox@posterous.com,Female,255.51.96.180
899,Norton,Lile,nlileoy@eepurl.com,Male,192.79.182.213
900,Chrystel,Barthrup,cbarthrupoz@purevolume.com,Female,88.156.217.189
901,Nataniel,Leebeter,nleebeterp0@etsy.com,Male,42.185.8.73
902,Moselle,Akett,makettp1@reddit.com,Female,234.88.193.93
903,Jeremie,Voden,jvodenp2@scientificamerican.com,Male,227.118.68.255
904,Lonee,Spir,lspirp3@newsvine.com,Female,252.7.57.115
905,Barbe,Abendroth,babendrothp4@google.it,Female,230.76.113.60
906,Joey,Doughartie,jdoughartiep5@sun.com,Female,237.101.83.121
907,Whitney,Cicchinelli,wcicchinellip6@wufoo.com,Female,204.21.9.200
908,Baryram,Faccini,bfaccinip7@cbsnews.com,Male,139.194.85.144
909,Floria,Springthorpe,fspringthorpep8@fastcompany.com,Female,156.127.66.96
910,Lissa,FitzGilbert,lfitzgilbertp9@indiegogo.com,Female,217.76.67.175
911,Codie,Westmarland,cwestmarlandpa@csmonitor.com,Genderfluid,244.221.70.144
912,Ranique,Matthews,rmatthewspb@amazon.co.jp,Female,142.143.175.74
913,Ringo,Patroni,rpatronipc@histats.com,Male,227.118.126.37
914,Nedda,Longforth,nlongforthpd@paypal.com,Female,145.161.164.106
915,Valli,Berens,vberenspe@pagesperso-orange.fr,Female,99.131.54.111
916,Crin,Wheatley,cwheatleypf@bloglovin.com,Female,41.49.114.17
917,Lotte,Baggs,lbaggspg@independent.co.uk,Female,225.191.187.238
918,Abe,Kearle,akearleph@eepurl.com,Male,246.107.77.207
919,Andromache,Affuso,aaffusopi@theglobeandmail.com,Female,244.25.244.96
920,Barret,Noorwood,bnoorwoodpj@4shared.com,Male,94.60.93.20
921,Carissa,Acock,cacockpk@blogtalkradio.com,Female,80.233.8.108
922,Merill,Dogerty,mdogertypl@163.com,Male,170.115.246.123
923,Karlyn,Olliar,kolliarpm@yelp.com,Agender,102.169.48.228
924,Farley,Skypp,fskypppn@delicious.com,Male,163.94.193.43
925,Megan,Lenchenko,mlenchenkopo@mail.ru,Female,148.149.244.103
926,Ailbert,Airey,aaireypp@stumbleupon.com,Male,206.237.79.164
927,Yehudit,Fennick,yfennickpq@lycos.com,Male,18.0.205.142
928,Tad,Dablin,tdablinpr@com.com,Male,141.122.110.194
929,Cleon,Kender,ckenderps@google.com.hk,Male,144.105.119.47
930,Dee dee,Milverton,dmilvertonpt@networkadvertising.org,Female,128.175.43.64
931,Dyanne,Kiebes,dkiebespu@google.com.au,Female,74.52.218.45
932,Zechariah,Flement,zflementpv@squidoo.com,Male,124.183.144.95
933,George,Tockell,gtockellpw@yahoo.co.jp,Female,38.54.245.115
934,Selinda,Sancto,ssanctopx@imgur.com,Female,54.43.168.34
935,Randene,Pavkovic,rpavkovicpy@rakuten.co.jp,Genderfluid,136.218.254.64
936,Ingemar,Alben,ialbenpz@rediff.com,Male,126.252.40.122
937,Dagmar,Hallifax,dhallifaxq0@businessweek.com,Female,128.136.72.129
938,Correy,Boycott,cboycottq1@shutterfly.com,Male,66.8.19.121
939,Ynez,Geddes,ygeddesq2@a8.net,Female,134.201.187.97
940,Maryjane,Busst,mbusstq3@sourceforge.net,Female,10.18.79.50
941,Rafe,Schole,rscholeq4@state.tx.us,Male,147.139.134.53
942,Bryn,Mewhirter,bmewhirterq5@geocities.com,Female,128.185.19.142
943,Spense,Kynoch,skynochq6@soundcloud.com,Male,42.129.62.90
944,Whitney,Lippitt,wlippittq7@dell.com,Female,35.32.37.140
945,Missie,Parradye,mparradyeq8@microsoft.com,Female,107.107.91.52
946,Elvira,Tidcomb,etidcombq9@cnn.com,Non-binary,183.237.149.120
947,Armando,Wahner,awahnerqa@usgs.gov,Male,174.7.88.104
948,Orelia,McGriele,omcgrieleqb@bloglovin.com,Female,7.93.127.231
949,Tore,Lesley,tlesleyqc@soundcloud.com,Male,186.218.124.181
950,Randi,Smees,rsmeesqd@printfriendly.com,Male,207.184.161.137
951,Giles,Lofthouse,glofthouseqe@booking.com,Male,132.181.198.198
952,Smitty,Dael,sdaelqf@unesco.org,Male,153.41.42.213
953,Blaire,Heather,bheatherqg@lulu.com,Female,172.198.140.43
954,Randall,Scorton,rscortonqh@jigsy.com,Male,55.203.172.220
955,Carolee,Eyeington,ceyeingtonqi@spotify.com,Female,3.39.143.151
956,Linda,Peche,lpecheqj@4shared.com,Female,82.201.146.83
957,Eamon,Cradoc,ecradocqk@yandex.ru,Bigender,168.225.84.111
958,Ealasaid,Othen,eothenql@prlog.org,Female,39.137.48.111
959,Hercule,Flacke,hflackeqm@dailymotion.com,Male,172.33.50.96
960,Darbie,Heimes,dheimesqn@accuweather.com,Female,46.255.181.38
961,Gray,Kidd,gkiddqo@hhs.gov,Male,27.98.88.244
962,Hermann,Richens,hrichensqp@amazon.de,Male,219.255.123.19
963,Vale,Hazeltine,vhazeltineqq@hostgator.com,Male,69.219.1.114
964,Samson,Rillett,srillettqr@google.de,Male,12.156.254.11
965,Ric,Pisco,rpiscoqs@europa.eu,Male,209.167.132.128
966,Keefe,Jennins,kjenninsqt@kickstarter.com,Male,144.125.116.49
967,Ev,Kondratenko,ekondratenkoqu@omniture.com,Male,145.59.85.122
968,Jory,Morrison,jmorrisonqv@psu.edu,Male,134.7.203.35
969,Bill,Brewett,bbrewettqw@feedburner.com,Non-binary,205.170.138.72
970,Elias,Caveau,ecaveauqx@mapy.cz,Male,61.237.134.109
971,Marie-jeanne,Jacombs,mjacombsqy@fema.gov,Female,5.27.55.185
972,Marcia,Duncklee,mdunckleeqz@bing.com,Female,116.73.89.191
973,Nicky,Tew,ntewr0@free.fr,Female,65.87.248.244
974,Sibyl,Stitcher,sstitcherr1@cdbaby.com,Female,31.146.177.171
975,Jo-anne,De Mars,jdemarsr2@ft.com,Polygender,150.146.18.3
976,Henrieta,Hubert,hhubertr3@people.com.cn,Female,18.61.87.56
977,Gerrard,Dowrey,gdowreyr4@mapy.cz,Male,0.223.146.220
978,Aloysia,Habershon,ahabershonr5@patch.com,Polygender,219.149.61.220
979,Mahmoud,Kynforth,mkynforthr6@shop-pro.jp,Male,202.254.167.179
980,Lotty,Ratlee,lratleer7@netscape.com,Female,42.168.109.178
981,Elmer,Britnell,ebritnellr8@admin.ch,Male,181.109.94.136
982,Marj,Jodlkowski,mjodlkowskir9@china.com.cn,Female,63.211.21.237
983,Jesus,Enevoldsen,jenevoldsenra@odnoklassniki.ru,Male,87.75.34.198
984,Gussi,Bruffell,gbruffellrb@umn.edu,Female,176.11.53.141
985,Oriana,McGerr,omcgerrrc@skype.com,Female,108.15.185.255
986,Gorden,Lancett,glancettrd@so-net.ne.jp,Male,219.140.222.52
987,Rori,Coolbear,rcoolbearre@blogger.com,Female,86.32.224.127
988,Sigismund,Richmont,srichmontrf@simplemachines.org,Male,117.158.23.238
989,Isobel,Crafter,icrafterrg@flavors.me,Female,115.88.209.137
990,Alison,Wyldbore,awyldborerh@engadget.com,Female,38.35.115.214
991,Fionna,Pencott,fpencottri@vinaora.com,Female,134.111.129.5
992,Mick,Axtell,maxtellrj@hao123.com,Male,202.179.95.17
993,Giusto,Bonefant,gbonefantrk@biblegateway.com,Male,208.144.168.176
994,Ring,Salvati,rsalvatirl@surveymonkey.com,Male,161.56.141.18
995,Ingeberg,Besant,ibesantrm@squarespace.com,Female,250.1.191.0
996,Auroora,Cops,acopsrn@nbcnews.com,Female,191.156.207.109
997,Alexi,Paulino,apaulinoro@cam.ac.uk,Female,193.6.226.217
998,Hale,Garmston,hgarmstonrp@google.com,Male,127.217.15.230
999,Eduino,Mowsdill,emowsdillrq@issuu.com,Male,247.216.196.171
1000,Margaretta,Rooms,mroomsrr@epa.gov,Female,239.22.22.205
